{
    "address":{
       "building":"35",
       "coord":[
          -73.96299309999999,
          40.7742972
       ],
       "street":"East 76 Street",
       "zipcode":"10021"
    },
    "borough":"Manhattan",
    "cuisine":"American",
    "grades":[
       {
          "date":{
             "$date":1394150400000
          },
          "grade":"A",
          "score":9
       },
       {
          "date":{
             "$date":1362096000000
          },
          "grade":"A",
          "score":5
       },
       {
          "date":{
             "$date":1347580800000
          },
          "grade":"A",
          "score":12
       },
       {
          "date":{
             "$date":1334188800000
          },
          "grade":"B",
          "score":16
       },
       {
          "date":{
             "$date":1318377600000
          },
          "grade":"C",
          "score":41
       }
    ],
    "name":"Hotel Carlyle",
    "restaurant_id":"40891446"
 }